{"cameraMode":{"drawMode":0,"name":"Shaded","section":"Shading Mode"},"sceneLighting":true,"audioPlay":false,"sceneViewState":{"m_AlwaysRefresh":false,"showFog":true,"showSkybox":true,"showFlares":true,"showImageEffects":true,"showParticleSystems":true,"showVisualEffectGraphs":true,"m_FxEnabled":true},"in2DMode":false,"pivot":{"x":-1.2013568878173829,"y":0.010652542114257813,"z":10.957906723022461},"rotation":{"x":0.2423170655965805,"y":0.1267712414264679,"z":-0.03195197880268097,"w":0.9613674879074097},"size":6.766382694244385,"orthographic":false}