{"cameraMode":{"drawMode":0,"name":"Shaded","section":"Shading Mode"},"sceneLighting":true,"audioPlay":false,"sceneViewState":{"m_AlwaysRefresh":false,"showFog":true,"showSkybox":true,"showFlares":true,"showImageEffects":true,"showParticleSystems":true,"showVisualEffectGraphs":true,"m_FxEnabled":true},"in2DMode":false,"pivot":{"x":4.10072135925293,"y":1.1541506052017213,"z":0.7974545359611511},"rotation":{"x":0.10340077430009842,"y":-0.5111490488052368,"z":0.062106188386678699,"w":0.8510048985481262},"size":1.2247449159622193,"orthographic":false}