{"cameraMode":{"drawMode":0,"name":"Shaded","section":"Shading Mode"},"sceneLighting":true,"audioPlay":false,"sceneViewState":{"m_AlwaysRefresh":false,"showFog":true,"showSkybox":true,"showFlares":true,"showImageEffects":true,"showParticleSystems":true,"showVisualEffectGraphs":true,"m_FxEnabled":true},"in2DMode":false,"pivot":{"x":-49.463924407958987,"y":-63.624298095703128,"z":2.8239691257476808},"rotation":{"x":-0.31321245431900027,"y":0.6335681080818176,"z":-0.3126559853553772,"w":-0.6347301602363586},"size":44.072975158691409,"orthographic":false}